{
  "gpt-4.1__baseline": {
    "auroc": 0.6668000000000001,
    "fpr": [
      0.0,
      0.0,
      0.0,
      0.0,
      0.04,
      1.0
    ],
    "tpr": [
      0.0,
      0.01,
      0.02,
      0.09,
      0.37,
      1.0
    ],
    "n_legit": 100,
    "n_fake": 100
  },
  "gpt-4.1__uncertainty": {
    "auroc": 0.8788999999999999,
    "fpr": [
      0.0,
      0.0,
      0.01,
      0.01,
      0.03,
      0.28,
      1.0
    ],
    "tpr": [
      0.0,
      0.37,
      0.73,
      0.77,
      0.8,
      0.82,
      1.0
    ],
    "n_legit": 100,
    "n_fake": 100
  },
  "claude-sonnet-4.5__baseline": {
    "auroc": 0.6598431119707715,
    "fpr": [
      0.0,
      0.0,
      0.0,
      0.0,
      0.020202020202020204,
      0.2222222222222222,
      0.8181818181818182,
      1.0
    ],
    "tpr": [
      0.0,
      0.02127659574468085,
      0.05319148936170213,
      0.11702127659574468,
      0.32978723404255317,
      0.5638297872340425,
      0.7872340425531915,
      1.0
    ],
    "n_legit": 99,
    "n_fake": 94
  },
  "claude-sonnet-4.5__uncertainty": {
    "auroc": 0.8918671248568156,
    "fpr": [
      0.0,
      0.12371134020618557,
      0.12371134020618557,
      0.14432989690721648,
      0.21649484536082475,
      0.8247422680412371,
      1.0
    ],
    "tpr": [
      0.0,
      0.3333333333333333,
      0.9777777777777777,
      0.9777777777777777,
      0.9888888888888889,
      1.0,
      1.0
    ],
    "n_legit": 97,
    "n_fake": 90
  }
}